fecha;producto;precio_medio_kg;consumo_per_capita
1/2018;PATATAS;0.78;2.38
1/2018;TOMATES;1.69;0.88
1/2018;CEBOLLAS;1.01;0.57
1/2018;AJOS;4.17;0.06
1/2018;COLES;1.08;0.15
1/2018;PEPINOS;1.53;0.09
1/2018;JUDIAS VERDES;2.89;0.15
1/2018;PIMIENTOS;1.86;0.34
1/2018;CHAMPIÑONES+O.SETAS;3.64;0.13
1/2018;LECHUGA/ESC./ENDIVIA;2.8;0.26
1/2018;ESPARRAGOS;2.84;0.04
1/2018;VERDURAS DE HOJA;2.47;0.11
1/2018;BERENJENAS;1.75;0.1
1/2018;ZANAHORIAS;0.84;0.3
1/2018;CALABACINES;1.42;0.34
1/2018;BROCOLI;1.35;0.14
1/2018;ALCACHOFAS;1.82;0.19
1/2018;NARANJAS;0.92;2.11
1/2018;MANDARINAS;1.35;1.03
1/2018;LIMONES;1.52;0.22
1/2018;PLATANOS;1.45;1.14
1/2018;MANZANAS;1.42;0.86
1/2018;PERAS;1.45;0.45
1/2018;MELOCOTONES;2.21;0.0
1/2018;NECTARINAS;1.77;0.01
1/2018;ALBARICOQUES;1.83;0.0
1/2018;FRESAS/FRESON;3.52;0.18
1/2018;MELON;1.55;0.13
1/2018;SANDIA;1.24;0.01
1/2018;CIRUELAS;2.2;0.01
1/2018;CEREZAS;5.02;0.0
1/2018;UVAS;2.99;0.09
1/2018;KIWI;2.6;0.26
1/2018;AGUACATE;3.35;0.1
1/2018;PIÑA;1.38;0.2
1/2018;POMELO;1.64;0.03
1/2018;CHIRIMOYA;0.0;0.0
2/2018;PATATAS;0.78;2.23
2/2018;TOMATES;1.62;0.82
2/2018;CEBOLLAS;1.07;0.53
2/2018;AJOS;4.26;0.06
2/2018;COLES;1.11;0.14
2/2018;PEPINOS;1.64;0.09
2/2018;JUDIAS VERDES;2.93;0.14
2/2018;PIMIENTOS;1.91;0.32
2/2018;CHAMPIÑONES+O.SETAS;3.5;0.13
2/2018;LECHUGA/ESC./ENDIVIA;2.79;0.24
2/2018;ESPARRAGOS;2.73;0.05
2/2018;VERDURAS DE HOJA;2.24;0.12
2/2018;BERENJENAS;1.68;0.1
2/2018;ZANAHORIAS;0.84;0.27
2/2018;CALABACINES;1.47;0.3
2/2018;BROCOLI;1.46;0.14
2/2018;ALCACHOFAS;1.77;0.21
2/2018;NARANJAS;0.93;1.92
2/2018;MANDARINAS;1.57;0.73
2/2018;LIMONES;1.55;0.17
2/2018;PLATANOS;1.47;1.05
2/2018;MANZANAS;1.46;0.83
2/2018;PERAS;1.49;0.43
2/2018;MELOCOTONES;2.84;0.0
2/2018;NECTARINAS;1.94;0.01
2/2018;ALBARICOQUES;2.26;0.01
2/2018;FRESAS/FRESON;3.33;0.34
2/2018;MELON;1.3;0.11
2/2018;SANDIA;1.26;0.01
2/2018;CIRUELAS;3.15;0.02
2/2018;CEREZAS;3.67;0.01
2/2018;UVAS;3.71;0.05
2/2018;KIWI;2.73;0.24
2/2018;AGUACATE;3.32;0.09
2/2018;PIÑA;1.59;0.14
2/2018;POMELO;1.65;0.03
2/2018;CHIRIMOYA;0.0;0.0
3/2018;PATATAS;0.82;2.45
3/2018;TOMATES;1.6;0.95
3/2018;CEBOLLAS;1.09;0.6
3/2018;AJOS;4.11;0.07
3/2018;COLES;1.12;0.13
3/2018;PEPINOS;1.51;0.11
3/2018;JUDIAS VERDES;2.96;0.15
3/2018;PIMIENTOS;1.88;0.39
3/2018;CHAMPIÑONES+O.SETAS;3.68;0.12
3/2018;LECHUGA/ESC./ENDIVIA;2.88;0.27
3/2018;ESPARRAGOS;2.35;0.06
3/2018;VERDURAS DE HOJA;2.31;0.14
3/2018;BERENJENAS;1.55;0.12
3/2018;ZANAHORIAS;0.88;0.29
3/2018;CALABACINES;1.39;0.33
3/2018;BROCOLI;1.61;0.12
3/2018;ALCACHOFAS;1.52;0.28
3/2018;NARANJAS;0.94;2.14
3/2018;MANDARINAS;1.71;0.59
3/2018;LIMONES;1.54;0.2
3/2018;PLATANOS;1.5;1.15
3/2018;MANZANAS;1.48;0.96
3/2018;PERAS;1.5;0.52
3/2018;MELOCOTONES;2.0;0.0
3/2018;NECTARINAS;2.12;0.01
3/2018;ALBARICOQUES;1.6;0.0
3/2018;FRESAS/FRESON;2.96;0.54
3/2018;MELON;1.54;0.15
3/2018;SANDIA;1.84;0.04
3/2018;CIRUELAS;3.09;0.03
3/2018;CEREZAS;3.17;0.0
3/2018;UVAS;3.67;0.06
3/2018;KIWI;2.7;0.24
3/2018;AGUACATE;3.59;0.1
3/2018;PIÑA;1.56;0.16
3/2018;POMELO;1.78;0.03
3/2018;CHIRIMOYA;0.0;0.0
4/2018;PATATAS;0.82;2.37
4/2018;TOMATES;1.65;1.0
4/2018;CEBOLLAS;1.12;0.58
4/2018;AJOS;4.18;0.06
4/2018;COLES;1.04;0.12
4/2018;PEPINOS;1.33;0.15
4/2018;JUDIAS VERDES;2.53;0.17
4/2018;PIMIENTOS;1.69;0.43
4/2018;CHAMPIÑONES+O.SETAS;3.62;0.12
4/2018;LECHUGA/ESC./ENDIVIA;2.76;0.29
4/2018;ESPARRAGOS;2.46;0.12
4/2018;VERDURAS DE HOJA;2.15;0.14
4/2018;BERENJENAS;1.36;0.13
4/2018;ZANAHORIAS;0.93;0.29
4/2018;CALABACINES;1.28;0.36
4/2018;BROCOLI;1.52;0.11
4/2018;ALCACHOFAS;1.23;0.28
4/2018;NARANJAS;0.97;2.07
4/2018;MANDARINAS;1.7;0.44
4/2018;LIMONES;1.55;0.19
4/2018;PLATANOS;1.53;1.15
4/2018;MANZANAS;1.53;0.96
4/2018;PERAS;1.56;0.52
4/2018;MELOCOTONES;1.65;0.01
4/2018;NECTARINAS;2.05;0.01
4/2018;ALBARICOQUES;2.75;0.01
4/2018;FRESAS/FRESON;2.31;0.77
4/2018;MELON;1.84;0.16
4/2018;SANDIA;1.7;0.13
4/2018;CIRUELAS;3.03;0.03
4/2018;CEREZAS;3.21;0.0
4/2018;UVAS;3.74;0.05
4/2018;KIWI;2.74;0.25
4/2018;AGUACATE;3.48;0.1
4/2018;PIÑA;1.65;0.16
4/2018;POMELO;1.79;0.03
4/2018;CHIRIMOYA;0.0;0.0
5/2018;PATATAS;0.85;2.32
5/2018;TOMATES;1.6;1.12
5/2018;CEBOLLAS;1.09;0.62
5/2018;AJOS;4.05;0.06
5/2018;COLES;1.01;0.1
5/2018;PEPINOS;1.4;0.18
5/2018;JUDIAS VERDES;2.67;0.18
5/2018;PIMIENTOS;1.79;0.39
5/2018;CHAMPIÑONES+O.SETAS;3.58;0.12
5/2018;LECHUGA/ESC./ENDIVIA;2.86;0.3
5/2018;ESPARRAGOS;2.19;0.16
5/2018;VERDURAS DE HOJA;2.32;0.11
5/2018;BERENJENAS;1.42;0.12
5/2018;ZANAHORIAS;0.93;0.28
5/2018;CALABACINES;1.31;0.32
5/2018;BROCOLI;1.45;0.12
5/2018;ALCACHOFAS;1.36;0.17
5/2018;NARANJAS;0.99;1.91
5/2018;MANDARINAS;1.68;0.28
5/2018;LIMONES;1.77;0.19
5/2018;PLATANOS;1.57;1.13
5/2018;MANZANAS;1.61;0.88
5/2018;PERAS;1.62;0.44
5/2018;MELOCOTONES;2.13;0.09
5/2018;NECTARINAS;1.88;0.11
5/2018;ALBARICOQUES;2.19;0.2
5/2018;FRESAS/FRESON;2.33;0.54
5/2018;MELON;1.62;0.27
5/2018;SANDIA;1.31;0.62
5/2018;CIRUELAS;2.66;0.03
5/2018;CEREZAS;3.9;0.1
5/2018;UVAS;3.5;0.05
5/2018;KIWI;2.81;0.24
5/2018;AGUACATE;3.3;0.11
5/2018;PIÑA;1.5;0.19
5/2018;POMELO;1.62;0.03
5/2018;CHIRIMOYA;4.45;0.0
6/2018;PATATAS;0.9;2.33
6/2018;TOMATES;1.44;1.3
6/2018;CEBOLLAS;1.14;0.58
6/2018;AJOS;3.94;0.07
6/2018;COLES;1.04;0.08
6/2018;PEPINOS;1.15;0.27
6/2018;JUDIAS VERDES;2.61;0.16
6/2018;PIMIENTOS;1.98;0.37
6/2018;CHAMPIÑONES+O.SETAS;3.62;0.1
6/2018;LECHUGA/ESC./ENDIVIA;2.87;0.32
6/2018;ESPARRAGOS;1.92;0.1
6/2018;VERDURAS DE HOJA;2.53;0.09
6/2018;BERENJENAS;1.29;0.13
6/2018;ZANAHORIAS;0.96;0.24
6/2018;CALABACINES;1.16;0.34
6/2018;BROCOLI;1.56;0.09
6/2018;ALCACHOFAS;1.74;0.06
6/2018;NARANJAS;1.02;1.33
6/2018;MANDARINAS;1.57;0.08
6/2018;LIMONES;1.93;0.21
6/2018;PLATANOS;1.68;0.93
6/2018;MANZANAS;1.77;0.62
6/2018;PERAS;1.67;0.29
6/2018;MELOCOTONES;1.81;0.43
6/2018;NECTARINAS;1.71;0.27
6/2018;ALBARICOQUES;1.88;0.38
6/2018;FRESAS/FRESON;2.76;0.13
6/2018;MELON;1.12;0.89
6/2018;SANDIA;0.93;1.52
6/2018;CIRUELAS;2.09;0.06
6/2018;CEREZAS;3.21;0.51
6/2018;UVAS;3.35;0.04
6/2018;KIWI;3.14;0.21
6/2018;AGUACATE;3.53;0.1
6/2018;PIÑA;1.36;0.16
6/2018;POMELO;1.7;0.03
6/2018;CHIRIMOYA;0.0;0.0
7/2018;PATATAS;0.92;2.36
7/2018;TOMATES;1.42;1.42
7/2018;CEBOLLAS;1.11;0.6
7/2018;AJOS;3.5;0.09
7/2018;COLES;1.02;0.08
7/2018;PEPINOS;1.1;0.33
7/2018;JUDIAS VERDES;2.69;0.2
7/2018;PIMIENTOS;1.9;0.45
7/2018;CHAMPIÑONES+O.SETAS;3.57;0.08
7/2018;LECHUGA/ESC./ENDIVIA;2.76;0.32
7/2018;ESPARRAGOS;2.62;0.03
7/2018;VERDURAS DE HOJA;2.51;0.07
7/2018;BERENJENAS;1.38;0.17
7/2018;ZANAHORIAS;0.95;0.24
7/2018;CALABACINES;1.24;0.35
7/2018;BROCOLI;1.51;0.08
7/2018;ALCACHOFAS;2.08;0.03
7/2018;NARANJAS;1.09;0.79
7/2018;MANDARINAS;1.64;0.02
7/2018;LIMONES;2.05;0.22
7/2018;PLATANOS;1.67;0.77
7/2018;MANZANAS;1.83;0.45
7/2018;PERAS;1.69;0.21
7/2018;MELOCOTONES;1.61;0.7
7/2018;NECTARINAS;1.39;0.47
7/2018;ALBARICOQUES;1.89;0.23
7/2018;FRESAS/FRESON;3.31;0.04
7/2018;MELON;1.03;1.43
7/2018;SANDIA;0.69;2.01
7/2018;CIRUELAS;1.84;0.16
7/2018;CEREZAS;2.83;0.51
7/2018;UVAS;3.05;0.04
7/2018;KIWI;3.26;0.19
7/2018;AGUACATE;3.22;0.1
7/2018;PIÑA;1.32;0.13
7/2018;POMELO;1.71;0.04
7/2018;CHIRIMOYA;0.0;0.0
8/2018;PATATAS;0.9;2.2
8/2018;TOMATES;1.47;1.47
8/2018;CEBOLLAS;1.16;0.6
8/2018;AJOS;3.56;0.06
8/2018;COLES;1.0;0.06
8/2018;PEPINOS;1.13;0.26
8/2018;JUDIAS VERDES;2.5;0.2
8/2018;PIMIENTOS;1.81;0.46
8/2018;CHAMPIÑONES+O.SETAS;3.79;0.07
8/2018;LECHUGA/ESC./ENDIVIA;2.85;0.28
8/2018;ESPARRAGOS;2.79;0.02
8/2018;VERDURAS DE HOJA;2.59;0.07
8/2018;BERENJENAS;1.31;0.19
8/2018;ZANAHORIAS;0.93;0.23
8/2018;CALABACINES;1.26;0.29
8/2018;BROCOLI;1.74;0.05
8/2018;ALCACHOFAS;2.25;0.01
8/2018;NARANJAS;1.2;0.61
8/2018;MANDARINAS;2.2;0.02
8/2018;LIMONES;2.16;0.19
8/2018;PLATANOS;1.69;0.66
8/2018;MANZANAS;1.91;0.4
8/2018;PERAS;1.65;0.29
8/2018;MELOCOTONES;1.56;0.73
8/2018;NECTARINAS;1.42;0.45
8/2018;ALBARICOQUES;2.05;0.05
8/2018;FRESAS/FRESON;3.99;0.02
8/2018;MELON;0.92;1.6
8/2018;SANDIA;0.66;1.88
8/2018;CIRUELAS;1.87;0.28
8/2018;CEREZAS;3.05;0.16
8/2018;UVAS;2.3;0.14
8/2018;KIWI;3.18;0.18
8/2018;AGUACATE;3.37;0.09
8/2018;PIÑA;1.58;0.08
8/2018;POMELO;1.89;0.02
8/2018;CHIRIMOYA;0.0;0.0
9/2018;PATATAS;0.86;2.35
9/2018;TOMATES;1.64;1.52
9/2018;CEBOLLAS;1.09;0.66
9/2018;AJOS;3.44;0.1
9/2018;COLES;1.16;0.08
9/2018;PEPINOS;1.25;0.24
9/2018;JUDIAS VERDES;3.18;0.21
9/2018;PIMIENTOS;1.77;0.56
9/2018;CHAMPIÑONES+O.SETAS;4.99;0.11
9/2018;LECHUGA/ESC./ENDIVIA;2.8;0.3
9/2018;ESPARRAGOS;2.55;0.03
9/2018;VERDURAS DE HOJA;2.51;0.08
9/2018;BERENJENAS;1.53;0.17
9/2018;ZANAHORIAS;0.91;0.27
9/2018;CALABACINES;1.33;0.39
9/2018;BROCOLI;1.8;0.07
9/2018;ALCACHOFAS;2.35;0.01
9/2018;NARANJAS;1.4;0.63
9/2018;MANDARINAS;1.89;0.08
9/2018;LIMONES;2.18;0.2
9/2018;PLATANOS;1.67;0.84
9/2018;MANZANAS;1.66;0.72
9/2018;PERAS;1.51;0.47
9/2018;MELOCOTONES;1.6;0.67
9/2018;NECTARINAS;1.52;0.35
9/2018;ALBARICOQUES;2.27;0.02
9/2018;FRESAS/FRESON;3.97;0.02
9/2018;MELON;0.78;1.58
9/2018;SANDIA;0.63;1.27
9/2018;CIRUELAS;1.83;0.29
9/2018;CEREZAS;2.73;0.02
9/2018;UVAS;2.02;0.42
9/2018;KIWI;3.33;0.19
9/2018;AGUACATE;3.8;0.08
9/2018;PIÑA;1.76;0.09
9/2018;POMELO;1.88;0.02
9/2018;CHIRIMOYA;0.0;0.0
10/2018;PATATAS;0.87;2.6
10/2018;PATATAS FRITAS;5.99;0.09
10/2018;TOMATES;1.74;1.1
10/2018;CEBOLLAS;1.1;0.62
10/2018;AJOS;4.0;0.06
10/2018;COLES;1.17;0.11
10/2018;PEPINOS;1.42;0.17
10/2018;JUDIAS VERDES;3.11;0.15
10/2018;PIMIENTOS;1.81;0.57
10/2018;CHAMPIÑONES+O.SETAS;4.58;0.13
10/2018;LECHUGA/ESC./ENDIVIA;2.85;0.29
10/2018;ESPARRAGOS;2.71;0.04
10/2018;VERDURAS DE HOJA;2.34;0.11
10/2018;BERENJENAS;1.56;0.16
10/2018;ZANAHORIAS;0.93;0.3
10/2018;CALABACINES;1.43;0.35
10/2018;BROCOLI;1.68;0.1
10/2018;ALCACHOFAS;2.71;0.02
10/2018;NARANJAS;1.35;0.84
10/2018;MANDARINAS;1.51;0.52
10/2018;LIMONES;1.93;0.23
10/2018;PLATANOS;1.65;1.01
10/2018;MANZANAS;1.51;1.02
10/2018;PERAS;1.5;0.54
10/2018;MELOCOTONES;1.99;0.37
10/2018;NECTARINAS;1.53;0.09
10/2018;ALBARICOQUES;2.81;0.01
10/2018;FRESAS/FRESON;3.32;0.02
10/2018;MELON;0.95;0.96
10/2018;SANDIA;0.78;0.3
10/2018;CIRUELAS;1.88;0.17
10/2018;CEREZAS;2.84;0.02
10/2018;UVAS;2.23;0.44
10/2018;KIWI;3.15;0.25
10/2018;AGUACATE;3.42;0.11
10/2018;PIÑA;1.7;0.13
10/2018;POMELO;1.75;0.02
10/2018;CHIRIMOYA;3.12;0.0
11/2018;PATATAS;0.89;2.25
11/2018;PATATAS FRITAS;6.16;0.09
11/2018;TOMATES;1.74;0.84
11/2018;CEBOLLAS;1.04;0.6
11/2018;AJOS;4.24;0.06
11/2018;COLES;1.17;0.15
11/2018;PEPINOS;1.63;0.1
11/2018;JUDIAS VERDES;3.04;0.15
11/2018;PIMIENTOS;1.83;0.34
11/2018;CHAMPIÑONES+O.SETAS;4.45;0.14
11/2018;LECHUGA/ESC./ENDIVIA;2.86;0.25
11/2018;ESPARRAGOS;2.62;0.03
11/2018;VERDURAS DE HOJA;2.18;0.13
11/2018;BERENJENAS;1.66;0.12
11/2018;ZANAHORIAS;0.88;0.28
11/2018;CALABACINES;1.82;0.26
11/2018;BROCOLI;1.54;0.12
11/2018;ALCACHOFAS;3.04;0.03
11/2018;NARANJAS;1.0;1.28
11/2018;MANDARINAS;1.27;0.93
11/2018;LIMONES;1.72;0.18
11/2018;PLATANOS;1.61;1.02
11/2018;MANZANAS;1.46;1.01
11/2018;PERAS;1.52;0.47
11/2018;MELOCOTONES;2.13;0.07
11/2018;NECTARINAS;1.23;0.01
11/2018;ALBARICOQUES;1.77;0.0
11/2018;FRESAS/FRESON;2.91;0.02
11/2018;MELON;1.39;0.22
11/2018;SANDIA;1.35;0.04
11/2018;CIRUELAS;1.86;0.05
11/2018;CEREZAS;4.81;0.0
11/2018;UVAS;2.48;0.28
11/2018;KIWI;2.93;0.29
11/2018;AGUACATE;3.12;0.11
11/2018;PIÑA;1.3;0.16
11/2018;POMELO;1.72;0.02
11/2018;CHIRIMOYA;2.11;0.0
12/2018;PATATAS;0.92;2.44
12/2018;PATATAS FRITAS;6.27;0.1
12/2018;TOMATES;1.8;0.83
12/2018;CEBOLLAS;1.14;0.57
12/2018;AJOS;4.13;0.06
12/2018;COLES;1.24;0.14
12/2018;PEPINOS;1.53;0.09
12/2018;JUDIAS VERDES;2.81;0.13
12/2018;PIMIENTOS;1.94;0.31
12/2018;CHAMPIÑONES+O.SETAS;4.47;0.13
12/2018;LECHUGA/ESC./ENDIVIA;2.83;0.28
12/2018;ESPARRAGOS;2.87;0.03
12/2018;VERDURAS DE HOJA;2.47;0.09
12/2018;BERENJENAS;1.7;0.08
12/2018;ZANAHORIAS;0.9;0.27
12/2018;CALABACINES;1.57;0.25
12/2018;BROCOLI;1.45;0.11
12/2018;ALCACHOFAS;2.18;0.1
12/2018;NARANJAS;0.93;1.46
12/2018;MANDARINAS;1.21;0.98
12/2018;LIMONES;1.51;0.2
12/2018;PLATANOS;1.65;0.93
12/2018;MANZANAS;1.47;0.76
12/2018;PERAS;1.48;0.39
12/2018;MELOCOTONES;1.54;0.0
12/2018;NECTARINAS;1.04;0.02
12/2018;ALBARICOQUES;1.63;0.0
12/2018;FRESAS/FRESON;3.98;0.02
12/2018;MELON;1.6;0.15
12/2018;SANDIA;2.01;0.0
12/2018;CIRUELAS;1.79;0.01
12/2018;CEREZAS;4.37;0.02
12/2018;UVAS;2.67;0.24
12/2018;KIWI;2.71;0.27
12/2018;AGUACATE;3.16;0.12
12/2018;PIÑA;1.3;0.32
12/2018;POMELO;1.76;0.02
12/2018;CHIRIMOYA;4.91;0.0
1/2019;PATATAS;0.9;2.37
1/2019;PATATAS FRITAS;6.21;0.09
1/2019;TOMATES;1.79;0.86
1/2019;CEBOLLAS;1.14;0.6
1/2019;AJOS;3.93;0.06
1/2019;COLES;1.25;0.17
1/2019;PEPINOS;1.61;0.09
1/2019;JUDIAS VERDES;3.4;0.12
1/2019;PIMIENTOS;1.95;0.35
1/2019;CHAMPIÑONES+O.SETAS;3.88;0.13
1/2019;LECHUGA/ESC./ENDIVIA;2.82;0.29
1/2019;ESPARRAGOS;3.04;0.03
1/2019;VERDURAS DE HOJA;2.37;0.11
1/2019;BERENJENAS;2.2;0.08
1/2019;ZANAHORIAS;0.9;0.3
1/2019;CALABACINES;1.8;0.29
1/2019;BROCOLI;1.39;0.15
1/2019;ALCACHOFAS;1.96;0.21
1/2019;APIO;1.45;0.06
1/2019;COLIFLOR;1.44;0.07
1/2019;PUERRO;2.75;0.1
1/2019;NARANJAS;0.86;1.96
1/2019;MANDARINAS;1.21;1.07
1/2019;LIMONES;1.43;0.18
1/2019;PLATANOS;1.65;1.07
1/2019;MANZANAS;1.42;0.88
1/2019;PERAS;1.43;0.44
1/2019;MELOCOTONES;1.5;0.0
1/2019;NECTARINAS;1.27;0.02
1/2019;ALBARICOQUES;1.53;0.0
1/2019;FRESAS/FRESON;3.96;0.15
1/2019;MELON;1.52;0.12
1/2019;SANDIA;1.21;0.01
1/2019;CIRUELAS;2.06;0.01
1/2019;CEREZAS;6.43;0.0
1/2019;UVAS;2.93;0.11
1/2019;KIWI;2.78;0.25
1/2019;AGUACATE;3.3;0.12
1/2019;PIÑA;1.51;0.21
1/2019;POMELO;1.68;0.03
1/2019;CHIRIMOYA;2.91;0.0
1/2019;MANGO;2.7;0.05
2/2019;PATATAS;0.91;2.16
2/2019;PATATAS FRITAS;6.08;0.09
2/2019;TOMATES;1.75;0.84
2/2019;CEBOLLAS;1.22;0.56
2/2019;AJOS;4.21;0.05
2/2019;COLES;1.23;0.15
2/2019;PEPINOS;1.8;0.08
2/2019;JUDIAS VERDES;4.19;0.08
2/2019;PIMIENTOS;1.92;0.34
2/2019;CHAMPIÑONES+O.SETAS;3.8;0.12
2/2019;LECHUGA/ESC./ENDIVIA;2.84;0.28
2/2019;ESPARRAGOS;2.17;0.05
2/2019;VERDURAS DE HOJA;2.25;0.12
2/2019;BERENJENAS;1.84;0.09
2/2019;ZANAHORIAS;0.89;0.28
2/2019;CALABACINES;1.56;0.32
2/2019;BROCOLI;1.5;0.13
2/2019;ALCACHOFAS;1.65;0.26
2/2019;APIO;1.45;0.05
2/2019;COLIFLOR;1.2;0.08
2/2019;PUERRO;2.6;0.09
2/2019;NARANJAS;0.86;1.88
2/2019;MANDARINAS;1.38;0.81
2/2019;LIMONES;1.52;0.16
2/2019;PLATANOS;1.66;1.05
2/2019;MANZANAS;1.44;0.87
2/2019;PERAS;1.48;0.42
2/2019;MELOCOTONES;1.72;0.0
2/2019;NECTARINAS;2.09;0.01
2/2019;ALBARICOQUES;1.13;0.01
2/2019;FRESAS/FRESON;3.35;0.43
2/2019;MELON;1.66;0.1
2/2019;SANDIA;2.09;0.0
2/2019;CIRUELAS;2.33;0.02
2/2019;CEREZAS;6.77;0.0
2/2019;UVAS;3.53;0.07
2/2019;KIWI;2.75;0.24
2/2019;AGUACATE;3.55;0.11
2/2019;PIÑA;1.65;0.15
2/2019;POMELO;1.81;0.03
2/2019;CHIRIMOYA;6.89;0.0
2/2019;MANGO;2.59;0.05
3/2019;PATATAS;0.93;2.3
3/2019;PATATAS FRITAS;6.34;0.09
3/2019;TOMATES;1.74;0.96
3/2019;CEBOLLAS;1.32;0.6
3/2019;AJOS;4.06;0.06
3/2019;COLES;1.19;0.13
3/2019;PEPINOS;1.77;0.11
3/2019;JUDIAS VERDES;3.23;0.14
3/2019;PIMIENTOS;1.98;0.37
3/2019;CHAMPIÑONES+O.SETAS;3.77;0.13
3/2019;LECHUGA/ESC./ENDIVIA;2.79;0.33
3/2019;ESPARRAGOS;1.98;0.1
3/2019;VERDURAS DE HOJA;2.27;0.13
3/2019;BERENJENAS;1.35;0.14
3/2019;ZANAHORIAS;0.92;0.27
3/2019;CALABACINES;1.26;0.35
3/2019;BROCOLI;1.48;0.13
3/2019;ALCACHOFAS;1.47;0.27
3/2019;APIO;1.55;0.03
3/2019;COLIFLOR;1.19;0.08
3/2019;PUERRO;2.73;0.09
3/2019;NARANJAS;0.88;2.09
3/2019;MANDARINAS;1.56;0.61
3/2019;LIMONES;1.4;0.18
3/2019;PLATANOS;1.66;1.19
3/2019;MANZANAS;1.43;1.01
3/2019;PERAS;1.47;0.48
3/2019;MELOCOTONES;1.53;0.0
3/2019;NECTARINAS;2.29;0.02
3/2019;ALBARICOQUES;1.48;0.0
3/2019;FRESAS/FRESON;2.67;0.76
3/2019;MELON;1.72;0.12
3/2019;SANDIA;1.69;0.06
3/2019;CIRUELAS;2.83;0.03
3/2019;CEREZAS;4.1;0.0
3/2019;UVAS;3.66;0.07
3/2019;KIWI;2.55;0.27
3/2019;AGUACATE;3.49;0.12
3/2019;PIÑA;1.54;0.17
3/2019;POMELO;1.67;0.02
3/2019;CHIRIMOYA;7.37;0.0
3/2019;MANGO;2.46;0.05
4/2019;PATATAS;0.95;2.28
4/2019;PATATAS FRITAS;6.14;0.09
4/2019;TOMATES;1.78;0.89
4/2019;CEBOLLAS;1.43;0.58
4/2019;AJOS;4.3;0.06
4/2019;COLES;1.21;0.1
4/2019;PEPINOS;1.56;0.13
4/2019;JUDIAS VERDES;2.88;0.15
4/2019;PIMIENTOS;1.92;0.37
4/2019;CHAMPIÑONES+O.SETAS;3.77;0.12
4/2019;LECHUGA/ESC./ENDIVIA;2.88;0.3
4/2019;ESPARRAGOS;2.13;0.13
4/2019;VERDURAS DE HOJA;2.4;0.12
4/2019;BERENJENAS;1.29;0.12
4/2019;ZANAHORIAS;0.89;0.28
4/2019;CALABACINES;1.3;0.33
4/2019;BROCOLI;1.77;0.09
4/2019;ALCACHOFAS;1.47;0.19
4/2019;APIO;1.41;0.04
4/2019;COLIFLOR;1.38;0.05
4/2019;PUERRO;2.52;0.09
4/2019;NARANJAS;0.89;1.89
4/2019;MANDARINAS;1.6;0.45
4/2019;LIMONES;1.37;0.18
4/2019;PLATANOS;1.52;1.16
4/2019;MANZANAS;1.42;0.93
4/2019;PERAS;1.49;0.42
4/2019;MELOCOTONES;3.06;0.01
4/2019;NECTARINAS;2.26;0.01
4/2019;ALBARICOQUES;2.5;0.01
4/2019;FRESAS/FRESON;2.02;0.83
4/2019;MELON;1.88;0.11
4/2019;SANDIA;1.55;0.15
4/2019;CIRUELAS;2.62;0.03
4/2019;CEREZAS;2.41;0.0
4/2019;UVAS;3.74;0.06
4/2019;KIWI;2.49;0.24
4/2019;AGUACATE;3.61;0.11
4/2019;PIÑA;1.66;0.16
4/2019;POMELO;1.85;0.03
4/2019;CHIRIMOYA;5.74;0.0
4/2019;MANGO;2.65;0.04
5/2019;PATATAS;1.0;2.38
5/2019;PATATAS FRITAS;6.34;0.09
5/2019;TOMATES;1.63;1.16
5/2019;CEBOLLAS;1.35;0.6
5/2019;AJOS;4.11;0.06
5/2019;COLES;1.16;0.1
5/2019;PEPINOS;1.32;0.2
5/2019;JUDIAS VERDES;2.87;0.14
5/2019;PIMIENTOS;2.05;0.38
5/2019;CHAMPIÑONES+O.SETAS;3.79;0.1
5/2019;LECHUGA/ESC./ENDIVIA;2.68;0.39
5/2019;ESPARRAGOS;2.48;0.14
5/2019;VERDURAS DE HOJA;2.29;0.11
5/2019;BERENJENAS;1.38;0.13
5/2019;ZANAHORIAS;0.95;0.28
5/2019;CALABACINES;1.23;0.36
5/2019;BROCOLI;1.62;0.12
5/2019;ALCACHOFAS;1.62;0.15
5/2019;APIO;1.45;0.04
5/2019;COLIFLOR;1.54;0.04
5/2019;PUERRO;2.77;0.08
5/2019;NARANJAS;0.92;1.74
5/2019;MANDARINAS;1.48;0.3
5/2019;LIMONES;1.48;0.2
5/2019;PLATANOS;1.48;1.18
5/2019;MANZANAS;1.44;0.87
5/2019;PERAS;1.54;0.39
5/2019;MELOCOTONES;2.04;0.12
5/2019;NECTARINAS;1.73;0.14
5/2019;ALBARICOQUES;1.95;0.24
5/2019;FRESAS/FRESON;2.33;0.51
5/2019;MELON;1.48;0.34
5/2019;SANDIA;0.99;0.92
5/2019;CIRUELAS;2.41;0.02
5/2019;CEREZAS;3.96;0.17
5/2019;UVAS;3.68;0.06
5/2019;KIWI;2.69;0.23
5/2019;AGUACATE;3.41;0.13
5/2019;PIÑA;1.59;0.17
5/2019;POMELO;1.68;0.03
5/2019;CHIRIMOYA;6.07;0.0
5/2019;MANGO;2.22;0.05
6/2019;PATATAS;0.97;2.2
6/2019;PATATAS FRITAS;6.07;0.1
6/2019;TOMATES;1.58;1.3
6/2019;CEBOLLAS;1.34;0.58
6/2019;AJOS;3.82;0.06
6/2019;COLES;1.14;0.09
6/2019;PEPINOS;1.23;0.26
6/2019;JUDIAS VERDES;3.16;0.14
6/2019;PIMIENTOS;2.03;0.4
6/2019;CHAMPIÑONES+O.SETAS;3.69;0.1
6/2019;LECHUGA/ESC./ENDIVIA;2.59;0.38
6/2019;ESPARRAGOS;2.47;0.06
6/2019;VERDURAS DE HOJA;2.49;0.08
6/2019;BERENJENAS;1.42;0.13
6/2019;ZANAHORIAS;0.94;0.26
6/2019;CALABACINES;1.29;0.33
6/2019;BROCOLI;1.78;0.08
6/2019;ALCACHOFAS;1.84;0.05
6/2019;APIO;1.41;0.04
6/2019;COLIFLOR;1.75;0.03
6/2019;PUERRO;2.74;0.07
6/2019;NARANJAS;0.89;1.21
6/2019;MANDARINAS;1.36;0.1
6/2019;LIMONES;1.56;0.19
6/2019;PLATANOS;1.53;0.98
6/2019;MANZANAS;1.45;0.62
6/2019;PERAS;1.61;0.26
6/2019;MELOCOTONES;1.8;0.4
6/2019;NECTARINAS;1.75;0.27
6/2019;ALBARICOQUES;1.97;0.36
6/2019;FRESAS/FRESON;3.33;0.1
6/2019;MELON;1.29;0.84
6/2019;SANDIA;0.87;1.77
6/2019;CIRUELAS;2.01;0.08
6/2019;CEREZAS;3.71;0.53
6/2019;UVAS;3.48;0.04
6/2019;KIWI;3.13;0.2
6/2019;AGUACATE;3.73;0.11
6/2019;PIÑA;1.61;0.12
6/2019;POMELO;1.98;0.03
6/2019;CHIRIMOYA;0.0;0.0
6/2019;MANGO;2.6;0.04
7/2019;PATATAS;0.97;2.44
7/2019;PATATAS FRITAS;6.29;0.1
7/2019;TOMATES;1.62;1.53
7/2019;CEBOLLAS;1.29;0.65
7/2019;AJOS;3.69;0.11
7/2019;COLES;1.09;0.09
7/2019;PEPINOS;1.27;0.31
7/2019;JUDIAS VERDES;2.93;0.19
7/2019;PIMIENTOS;2.11;0.42
7/2019;CHAMPIÑONES+O.SETAS;3.98;0.07
7/2019;LECHUGA/ESC./ENDIVIA;2.64;0.41
7/2019;ESPARRAGOS;2.61;0.04
7/2019;VERDURAS DE HOJA;2.65;0.07
7/2019;BERENJENAS;1.53;0.15
7/2019;ZANAHORIAS;0.95;0.28
7/2019;CALABACINES;1.25;0.35
7/2019;BROCOLI;2.01;0.06
7/2019;ALCACHOFAS;1.8;0.02
7/2019;APIO;1.55;0.03
7/2019;COLIFLOR;1.71;0.02
7/2019;PUERRO;2.69;0.06
7/2019;NARANJAS;0.94;0.86
7/2019;MANDARINAS;1.59;0.03
7/2019;LIMONES;1.56;0.21
7/2019;PLATANOS;1.46;0.85
7/2019;MANZANAS;1.49;0.53
7/2019;PERAS;1.59;0.22
7/2019;MELOCOTONES;1.64;0.66
7/2019;NECTARINAS;1.45;0.42
7/2019;ALBARICOQUES;1.93;0.18
7/2019;FRESAS/FRESON;4.32;0.04
7/2019;MELON;0.97;1.67
7/2019;SANDIA;0.77;2.23
7/2019;CIRUELAS;1.62;0.24
7/2019;CEREZAS;3.97;0.32
7/2019;UVAS;2.84;0.05
7/2019;KIWI;3.22;0.18
7/2019;AGUACATE;3.83;0.1
7/2019;PIÑA;1.65;0.11
7/2019;POMELO;1.89;0.04
7/2019;CHIRIMOYA;0.0;0.0
7/2019;MANGO;2.79;0.04
8/2019;PATATAS;1.01;2.25
8/2019;PATATAS FRITAS;6.28;0.09
8/2019;TOMATES;1.62;1.43
8/2019;CEBOLLAS;1.22;0.68
8/2019;AJOS;3.68;0.08
8/2019;COLES;1.08;0.09
8/2019;PEPINOS;1.22;0.28
8/2019;JUDIAS VERDES;3.31;0.2
8/2019;PIMIENTOS;1.93;0.44
8/2019;CHAMPIÑONES+O.SETAS;4.02;0.08
8/2019;LECHUGA/ESC./ENDIVIA;2.7;0.33
8/2019;ESPARRAGOS;2.71;0.02
8/2019;VERDURAS DE HOJA;2.63;0.06
8/2019;BERENJENAS;1.59;0.18
8/2019;ZANAHORIAS;0.94;0.25
8/2019;CALABACINES;1.32;0.33
8/2019;BROCOLI;2.22;0.05
8/2019;ALCACHOFAS;2.94;0.01
8/2019;APIO;1.41;0.03
8/2019;COLIFLOR;1.87;0.02
8/2019;PUERRO;2.63;0.06
8/2019;NARANJAS;1.04;0.61
8/2019;MANDARINAS;2.02;0.02
8/2019;LIMONES;1.7;0.19
8/2019;PLATANOS;1.45;0.78
8/2019;MANZANAS;1.48;0.48
8/2019;PERAS;1.59;0.29
8/2019;MELOCOTONES;1.58;0.66
8/2019;NECTARINAS;1.36;0.43
8/2019;ALBARICOQUES;1.95;0.05
8/2019;FRESAS/FRESON;4.51;0.03
8/2019;MELON;0.8;1.81
8/2019;SANDIA;0.73;1.77
8/2019;CIRUELAS;1.6;0.33
8/2019;CEREZAS;4.62;0.03
8/2019;UVAS;2.6;0.12
8/2019;KIWI;3.36;0.16
8/2019;AGUACATE;4.31;0.09
8/2019;PIÑA;1.61;0.08
8/2019;POMELO;1.96;0.02
8/2019;CHIRIMOYA;0.0;0.0
8/2019;MANGO;2.48;0.05
9/2019;PATATAS;0.94;2.25
9/2019;PATATAS FRITAS;6.14;0.08
9/2019;TOMATES;1.65;1.42
9/2019;CEBOLLAS;1.25;0.55
9/2019;AJOS;4.21;0.05
9/2019;COLES;1.17;0.1
9/2019;PEPINOS;1.31;0.21
9/2019;JUDIAS VERDES;3.48;0.17
9/2019;PIMIENTOS;1.9;0.53
9/2019;CHAMPIÑONES+O.SETAS;3.88;0.09
9/2019;LECHUGA/ESC./ENDIVIA;2.75;0.32
9/2019;ESPARRAGOS;2.74;0.04
9/2019;VERDURAS DE HOJA;2.47;0.1
9/2019;BERENJENAS;1.55;0.18
9/2019;ZANAHORIAS;0.97;0.3
9/2019;CALABACINES;1.34;0.35
9/2019;BROCOLI;2.15;0.08
9/2019;ALCACHOFAS;2.88;0.01
9/2019;APIO;1.54;0.03
9/2019;COLIFLOR;2.13;0.04
9/2019;PUERRO;2.76;0.09
9/2019;NARANJAS;1.31;0.6
9/2019;MANDARINAS;1.88;0.08
9/2019;LIMONES;1.79;0.19
9/2019;PLATANOS;1.54;0.92
9/2019;MANZANAS;1.51;0.69
9/2019;PERAS;1.62;0.39
9/2019;MELOCOTONES;1.64;0.66
9/2019;NECTARINAS;1.35;0.4
9/2019;ALBARICOQUES;1.85;0.01
9/2019;FRESAS/FRESON;4.15;0.03
9/2019;MELON;0.88;1.57
9/2019;SANDIA;0.78;0.96
9/2019;CIRUELAS;1.7;0.27
9/2019;CEREZAS;3.31;0.01
9/2019;UVAS;2.41;0.36
9/2019;KIWI;3.48;0.18
9/2019;AGUACATE;4.15;0.09
9/2019;PIÑA;1.48;0.11
9/2019;POMELO;2.06;0.02
9/2019;CHIRIMOYA;7.19;0.0
9/2019;MANGO;2.31;0.09
10/2019;PATATAS;0.93;2.37
10/2019;PATATAS FRITAS;6.2;0.09
10/2019;TOMATES;1.75;1.18
10/2019;CEBOLLAS;1.2;0.58
10/2019;AJOS;4.21;0.06
10/2019;COLES;1.19;0.13
10/2019;PEPINOS;1.29;0.17
10/2019;JUDIAS VERDES;3.28;0.17
10/2019;PIMIENTOS;1.78;0.5
10/2019;CHAMPIÑONES+O.SETAS;4.42;0.12
10/2019;LECHUGA/ESC./ENDIVIA;2.8;0.35
10/2019;ESPARRAGOS;3.0;0.03
10/2019;VERDURAS DE HOJA;2.58;0.1
10/2019;BERENJENAS;1.47;0.17
10/2019;ZANAHORIAS;0.94;0.29
10/2019;CALABACINES;1.34;0.37
10/2019;BROCOLI;1.78;0.12
10/2019;ALCACHOFAS;2.61;0.03
10/2019;APIO;1.54;0.04
10/2019;COLIFLOR;1.95;0.05
10/2019;PUERRO;2.66;0.09
10/2019;NARANJAS;1.39;0.77
10/2019;MANDARINAS;1.62;0.54
10/2019;LIMONES;1.7;0.19
10/2019;PLATANOS;1.76;1.06
10/2019;MANZANAS;1.46;0.97
10/2019;PERAS;1.56;0.51
10/2019;MELOCOTONES;1.94;0.42
10/2019;NECTARINAS;1.42;0.17
10/2019;ALBARICOQUES;1.64;0.01
10/2019;FRESAS/FRESON;4.28;0.03
10/2019;MELON;1.08;0.71
10/2019;SANDIA;0.91;0.2
10/2019;CIRUELAS;1.64;0.2
10/2019;CEREZAS;2.19;0.0
10/2019;UVAS;2.25;0.43
10/2019;KIWI;3.44;0.24
10/2019;AGUACATE;3.89;0.11
10/2019;PIÑA;1.61;0.13
10/2019;POMELO;1.9;0.02
10/2019;CHIRIMOYA;5.1;0.0
10/2019;MANGO;2.14;0.15
11/2019;PATATAS;0.94;2.33
11/2019;PATATAS FRITAS;6.18;0.09
11/2019;TOMATES;1.74;0.94
11/2019;CEBOLLAS;1.19;0.57
11/2019;AJOS;4.16;0.05
11/2019;COLES;1.1;0.19
11/2019;PEPINOS;1.44;0.11
11/2019;JUDIAS VERDES;3.33;0.16
11/2019;PIMIENTOS;1.85;0.41
11/2019;CHAMPIÑONES+O.SETAS;5.12;0.13
11/2019;LECHUGA/ESC./ENDIVIA;2.84;0.29
11/2019;ESPARRAGOS;2.77;0.03
11/2019;VERDURAS DE HOJA;2.32;0.11
11/2019;BERENJENAS;1.51;0.14
11/2019;ZANAHORIAS;0.91;0.3
11/2019;CALABACINES;1.44;0.3
11/2019;BROCOLI;1.82;0.11
11/2019;ALCACHOFAS;2.32;0.05
11/2019;APIO;1.49;0.04
11/2019;COLIFLOR;1.89;0.06
11/2019;PUERRO;2.72;0.1
11/2019;NARANJAS;1.07;1.21
11/2019;MANDARINAS;1.45;0.92
11/2019;LIMONES;1.6;0.21
11/2019;PLATANOS;1.75;1.08
11/2019;MANZANAS;1.46;0.88
11/2019;PERAS;1.55;0.5
11/2019;MELOCOTONES;2.18;0.07
11/2019;NECTARINAS;1.4;0.02
11/2019;ALBARICOQUES;1.72;0.0
11/2019;FRESAS/FRESON;3.58;0.02
11/2019;MELON;1.44;0.21
11/2019;SANDIA;1.22;0.02
11/2019;CIRUELAS;1.68;0.07
11/2019;CEREZAS;4.34;0.0
11/2019;UVAS;2.45;0.3
11/2019;KIWI;3.25;0.27
11/2019;AGUACATE;3.7;0.12
11/2019;PIÑA;1.62;0.14
11/2019;POMELO;1.93;0.02
11/2019;CHIRIMOYA;2.9;0.0
11/2019;MANGO;2.5;0.09
12/2019;PATATAS;0.97;2.29
12/2019;PATATAS FRITAS;6.32;0.1
12/2019;TOMATES;1.82;0.79
12/2019;CEBOLLAS;1.21;0.55
12/2019;AJOS;4.37;0.05
12/2019;COLES;1.2;0.14
12/2019;PEPINOS;1.48;0.08
12/2019;JUDIAS VERDES;3.19;0.11
12/2019;PIMIENTOS;1.93;0.32
12/2019;CHAMPIÑONES+O.SETAS;4.22;0.13
12/2019;LECHUGA/ESC./ENDIVIA;2.8;0.3
12/2019;ESPARRAGOS;2.96;0.03
12/2019;VERDURAS DE HOJA;2.46;0.1
12/2019;BERENJENAS;1.61;0.1
12/2019;ZANAHORIAS;0.94;0.26
12/2019;CALABACINES;1.48;0.27
12/2019;BROCOLI;1.63;0.12
12/2019;ALCACHOFAS;2.53;0.08
12/2019;APIO;1.5;0.05
12/2019;COLIFLOR;1.87;0.04
12/2019;PUERRO;2.76;0.08
12/2019;NARANJAS;1.0;1.43
12/2019;MANDARINAS;1.42;0.89
12/2019;LIMONES;1.62;0.21
12/2019;PLATANOS;1.71;0.99
12/2019;MANZANAS;1.47;0.78
12/2019;PERAS;1.56;0.39
12/2019;MELOCOTONES;1.94;0.0
12/2019;NECTARINAS;1.75;0.01
12/2019;ALBARICOQUES;2.77;0.0
12/2019;FRESAS/FRESON;4.53;0.03
12/2019;MELON;1.69;0.17
12/2019;SANDIA;1.74;0.01
12/2019;CIRUELAS;1.51;0.03
12/2019;CEREZAS;4.87;0.0
12/2019;UVAS;2.64;0.24
12/2019;KIWI;3.0;0.24
12/2019;AGUACATE;3.35;0.13
12/2019;PIÑA;1.34;0.34
12/2019;POMELO;2.06;0.02
12/2019;CHIRIMOYA;4.79;0.0
12/2019;MANGO;2.53;0.07
1/2020;PATATAS;0.96;2.3
1/2020;PATATAS FRITAS;6.21;0.1
1/2020;TOMATES;1.78;0.93
1/2020;CEBOLLAS;1.21;0.59
1/2020;AJOS;4.34;0.06
1/2020;COLES;1.14;0.18
1/2020;PEPINOS;1.64;0.1
1/2020;JUDIAS VERDES;3.25;0.15
1/2020;PIMIENTOS;1.85;0.39
1/2020;CHAMPIÑONES+O.SETAS;4.02;0.13
1/2020;LECHUGA/ESC./ENDIVIA;2.83;0.33
1/2020;ESPARRAGOS;3.07;0.03
1/2020;VERDURAS DE HOJA;2.5;0.12
1/2020;BERENJENAS;1.84;0.11
1/2020;ZANAHORIAS;0.92;0.34
1/2020;CALABACINES;1.69;0.33
1/2020;BROCOLI;1.68;0.16
1/2020;ALCACHOFAS;2.43;0.18
1/2020;APIO;1.55;0.05
1/2020;COLIFLOR;1.79;0.05
1/2020;PUERRO;2.58;0.12
1/2020;NARANJAS;0.97;1.89
1/2020;MANDARINAS;1.52;1.01
1/2020;LIMONES;1.52;0.2
1/2020;PLATANOS;1.63;1.16
1/2020;MANZANAS;1.45;0.98
1/2020;PERAS;1.51;0.45
1/2020;MELOCOTONES;1.36;0.01
1/2020;NECTARINAS;1.5;0.01
1/2020;ALBARICOQUES;1.42;0.0
1/2020;FRESAS/FRESON;3.82;0.17
1/2020;MELON;1.76;0.14
1/2020;SANDIA;1.36;0.0
1/2020;CIRUELAS;1.74;0.02
1/2020;CEREZAS;6.96;0.0
1/2020;UVAS;2.92;0.14
1/2020;KIWI;2.86;0.28
1/2020;AGUACATE;3.52;0.13
1/2020;PIÑA;1.78;0.17
1/2020;POMELO;1.81;0.02
1/2020;CHIRIMOYA;5.8;0.0
1/2020;MANGO;2.74;0.06
2/2020;PATATAS;0.96;2.42
2/2020;PATATAS FRITAS;6.27;0.1
2/2020;TOMATES;1.77;0.98
2/2020;CEBOLLAS;1.22;0.61
2/2020;AJOS;4.46;0.06
2/2020;COLES;1.22;0.17
2/2020;PEPINOS;1.7;0.11
2/2020;JUDIAS VERDES;3.46;0.13
2/2020;PIMIENTOS;1.89;0.37
2/2020;CHAMPIÑONES+O.SETAS;3.74;0.13
2/2020;LECHUGA/ESC./ENDIVIA;2.83;0.34
2/2020;ESPARRAGOS;2.84;0.05
2/2020;VERDURAS DE HOJA;2.27;0.16
2/2020;BERENJENAS;1.66;0.13
2/2020;ZANAHORIAS;0.96;0.31
2/2020;CALABACINES;1.52;0.37
2/2020;BROCOLI;1.64;0.15
2/2020;ALCACHOFAS;1.76;0.29
2/2020;APIO;1.52;0.04
2/2020;COLIFLOR;1.46;0.07
2/2020;PUERRO;2.56;0.1
2/2020;NARANJAS;0.98;1.94
2/2020;MANDARINAS;1.76;0.86
2/2020;LIMONES;1.65;0.18
2/2020;PLATANOS;1.55;1.25
2/2020;MANZANAS;1.47;0.99
2/2020;PERAS;1.58;0.47
2/2020;MELOCOTONES;1.59;0.0
2/2020;NECTARINAS;1.86;0.01
2/2020;ALBARICOQUES;1.92;0.0
2/2020;FRESAS/FRESON;3.32;0.48
2/2020;MELON;1.68;0.15
2/2020;SANDIA;1.52;0.01
2/2020;CIRUELAS;2.95;0.03
2/2020;CEREZAS;4.55;0.0
2/2020;UVAS;4.13;0.07
2/2020;KIWI;2.76;0.3
2/2020;AGUACATE;3.48;0.13
2/2020;PIÑA;1.78;0.13
2/2020;POMELO;1.89;0.03
2/2020;CHIRIMOYA;3.69;0.0
2/2020;MANGO;2.39;0.07
3/2020;PATATAS;0.96;3.25
3/2020;PATATAS FRITAS;6.4;0.12
3/2020;TOMATES;1.81;1.12
3/2020;CEBOLLAS;1.27;0.77
3/2020;AJOS;4.46;0.07
3/2020;COLES;1.14;0.18
3/2020;PEPINOS;1.66;0.13
3/2020;JUDIAS VERDES;3.36;0.16
3/2020;PIMIENTOS;2.13;0.46
3/2020;CHAMPIÑONES+O.SETAS;3.96;0.13
3/2020;LECHUGA/ESC./ENDIVIA;2.7;0.4
3/2020;ESPARRAGOS;2.26;0.09
3/2020;VERDURAS DE HOJA;2.37;0.15
3/2020;BERENJENAS;1.64;0.15
3/2020;ZANAHORIAS;0.97;0.38
3/2020;CALABACINES;1.57;0.44
3/2020;BROCOLI;1.86;0.13
3/2020;ALCACHOFAS;1.63;0.24
3/2020;APIO;1.5;0.05
3/2020;COLIFLOR;1.54;0.07
3/2020;PUERRO;2.56;0.12
3/2020;NARANJAS;0.99;2.41
3/2020;MANDARINAS;1.91;0.76
3/2020;LIMONES;1.63;0.24
3/2020;PLATANOS;1.56;1.4
3/2020;MANZANAS;1.52;1.18
3/2020;PERAS;1.68;0.55
3/2020;MELOCOTONES;2.69;0.0
3/2020;NECTARINAS;1.82;0.01
3/2020;ALBARICOQUES;1.92;0.0
3/2020;FRESAS/FRESON;2.7;0.68
3/2020;MELON;1.86;0.13
3/2020;SANDIA;1.57;0.05
3/2020;CIRUELAS;3.09;0.03
3/2020;CEREZAS;1.92;0.0
3/2020;UVAS;4.29;0.07
3/2020;KIWI;2.8;0.3
3/2020;AGUACATE;3.92;0.14
3/2020;PIÑA;1.69;0.17
3/2020;POMELO;1.9;0.03
3/2020;CHIRIMOYA;0.0;0.0
3/2020;MANGO;2.82;0.07
4/2020;PATATAS;1.02;3.47
4/2020;PATATAS FRITAS;6.52;0.15
4/2020;TOMATES;1.87;1.38
4/2020;CEBOLLAS;1.4;0.88
4/2020;AJOS;4.37;0.09
4/2020;COLES;1.18;0.2
4/2020;PEPINOS;1.58;0.19
4/2020;JUDIAS VERDES;3.5;0.17
4/2020;PIMIENTOS;2.32;0.57
4/2020;CHAMPIÑONES+O.SETAS;3.92;0.16
4/2020;LECHUGA/ESC./ENDIVIA;2.76;0.47
4/2020;ESPARRAGOS;2.59;0.11
4/2020;VERDURAS DE HOJA;2.48;0.18
4/2020;BERENJENAS;1.72;0.22
4/2020;ZANAHORIAS;0.99;0.47
4/2020;CALABACINES;1.72;0.52
4/2020;BROCOLI;2.26;0.14
4/2020;ALCACHOFAS;1.91;0.25
4/2020;APIO;1.62;0.05
4/2020;COLIFLOR;1.93;0.08
4/2020;PUERRO;2.82;0.13
4/2020;NARANJAS;1.15;2.8
4/2020;MANDARINAS;2.01;0.63
4/2020;LIMONES;1.84;0.33
4/2020;PLATANOS;1.62;1.64
4/2020;MANZANAS;1.57;1.35
4/2020;PERAS;1.78;0.63
4/2020;MELOCOTONES;2.22;0.03
4/2020;NECTARINAS;2.1;0.03
4/2020;ALBARICOQUES;3.08;0.02
4/2020;FRESAS/FRESON;2.53;0.8
4/2020;MELON;1.91;0.21
4/2020;SANDIA;1.33;0.18
4/2020;CIRUELAS;3.08;0.04
4/2020;CEREZAS;3.75;0.0
4/2020;UVAS;4.14;0.09
4/2020;KIWI;2.93;0.35
4/2020;AGUACATE;4.34;0.17
4/2020;PIÑA;1.61;0.22
4/2020;POMELO;1.86;0.04
4/2020;CHIRIMOYA;4.37;0.0
4/2020;MANGO;2.84;0.07
5/2020;PATATAS;1.01;3.12
5/2020;PATATAS FRITAS;6.43;0.14
5/2020;TOMATES;1.71;1.52
5/2020;CEBOLLAS;1.37;0.8
5/2020;AJOS;4.3;0.08
5/2020;COLES;1.21;0.14
5/2020;PEPINOS;1.55;0.24
5/2020;JUDIAS VERDES;3.23;0.17
5/2020;PIMIENTOS;2.28;0.52
5/2020;CHAMPIÑONES+O.SETAS;3.87;0.15
5/2020;LECHUGA/ESC./ENDIVIA;2.7;0.48
5/2020;ESPARRAGOS;2.43;0.13
5/2020;VERDURAS DE HOJA;2.51;0.15
5/2020;BERENJENAS;1.67;0.2
5/2020;ZANAHORIAS;0.96;0.42
5/2020;CALABACINES;1.39;0.5
5/2020;BROCOLI;2.19;0.13
5/2020;ALCACHOFAS;1.89;0.19
5/2020;APIO;1.49;0.05
5/2020;COLIFLOR;1.87;0.05
5/2020;PUERRO;2.74;0.11
5/2020;NARANJAS;1.26;2.08
5/2020;MANDARINAS;2.23;0.18
5/2020;LIMONES;2.02;0.28
5/2020;PLATANOS;1.61;1.47
5/2020;MANZANAS;1.55;1.16
5/2020;PERAS;1.9;0.49
5/2020;MELOCOTONES;2.54;0.18
5/2020;NECTARINAS;2.0;0.17
5/2020;ALBARICOQUES;2.49;0.34
5/2020;FRESAS/FRESON;2.66;0.56
5/2020;MELON;1.77;0.47
5/2020;SANDIA;1.33;1.13
5/2020;CIRUELAS;3.01;0.03
5/2020;CEREZAS;4.82;0.16
5/2020;UVAS;4.09;0.08
5/2020;KIWI;3.44;0.29
5/2020;AGUACATE;4.3;0.16
5/2020;PIÑA;1.81;0.2
5/2020;POMELO;1.87;0.03
5/2020;CHIRIMOYA;6.89;0.0
5/2020;MANGO;2.83;0.07
6/2020;PATATAS;0.98;2.68
6/2020;PATATAS FRITAS;6.38;0.11
6/2020;TOMATES;1.67;1.5
6/2020;CEBOLLAS;1.26;0.69
6/2020;AJOS;4.35;0.07
6/2020;COLES;1.16;0.1
6/2020;PEPINOS;1.44;0.29
6/2020;JUDIAS VERDES;3.31;0.16
6/2020;PIMIENTOS;2.05;0.5
6/2020;CHAMPIÑONES+O.SETAS;4.16;0.12
6/2020;LECHUGA/ESC./ENDIVIA;2.7;0.42
6/2020;ESPARRAGOS;2.84;0.06
6/2020;VERDURAS DE HOJA;2.7;0.1
6/2020;BERENJENAS;1.58;0.19
6/2020;ZANAHORIAS;0.94;0.34
6/2020;CALABACINES;1.35;0.41
6/2020;BROCOLI;2.32;0.09
6/2020;ALCACHOFAS;2.29;0.04
6/2020;APIO;1.59;0.04
6/2020;COLIFLOR;2.0;0.03
6/2020;PUERRO;2.74;0.08
6/2020;NARANJAS;1.36;1.12
6/2020;MANDARINAS;2.3;0.02
6/2020;LIMONES;1.86;0.26
6/2020;PLATANOS;1.58;1.13
6/2020;MANZANAS;1.54;0.79
6/2020;PERAS;2.02;0.31
6/2020;MELOCOTONES;2.16;0.51
6/2020;NECTARINAS;1.91;0.32
6/2020;ALBARICOQUES;2.24;0.31
6/2020;FRESAS/FRESON;3.31;0.11
6/2020;MELON;1.52;1.01
6/2020;SANDIA;1.0;2.11
6/2020;CIRUELAS;2.12;0.13
6/2020;CEREZAS;4.49;0.44
6/2020;UVAS;3.49;0.05
6/2020;KIWI;3.69;0.22
6/2020;AGUACATE;3.68;0.16
6/2020;PIÑA;1.64;0.18
6/2020;POMELO;2.05;0.03
6/2020;CHIRIMOYA;0.0;0.0
6/2020;MANGO;2.76;0.05
7/2020;TOMATES;1.62;1.67
7/2020;CEBOLLAS;1.24;0.64
7/2020;LECHUGA/ESC./ENDIVIA;2.76;0.39
7/2020;PIMIENTOS;1.92;0.52
7/2020;JUDIAS VERDES;3.39;0.21
7/2020;COLES;1.13;0.07
7/2020;NARANJAS;1.4;0.74
7/2020;MANDARINAS;2.12;0.02
7/2020;LIMONES;1.86;0.22
7/2020;PLATANOS;1.59;0.96
7/2020;MANZANAS;1.61;0.58
7/2020;PERAS;1.93;0.24
7/2020;MELOCOTONES;1.92;0.77
7/2020;ALBARICOQUES;2.3;0.14
7/2020;FRESAS/FRESON;4.15;0.04
7/2020;MELON;1.13;1.69
7/2020;SANDIA;0.75;2.74
7/2020;CIRUELAS;1.98;0.24
7/2020;CEREZAS;5.14;0.21
7/2020;UVAS;3.25;0.08
7/2020;KIWI;3.72;0.21
8/2020;TOMATES;1.64;1.45
8/2020;CEBOLLAS;1.28;0.6
8/2020;LECHUGA/ESC./ENDIVIA;2.66;0.36
8/2020;PIMIENTOS;1.93;0.52
8/2020;JUDIAS VERDES;4.02;0.15
8/2020;COLES;1.09;0.08
8/2020;NARANJAS;1.7;0.52
8/2020;MANDARINAS;2.03;0.03
8/2020;LIMONES;1.93;0.21
8/2020;PLATANOS;1.62;0.82
8/2020;MANZANAS;1.6;0.57
8/2020;PERAS;1.83;0.3
8/2020;MELOCOTONES;1.88;0.72
8/2020;ALBARICOQUES;2.3;0.04
8/2020;FRESAS/FRESON;4.63;0.03
8/2020;MELON;1.0;1.83
8/2020;SANDIA;0.67;2.25
8/2020;CIRUELAS;2.02;0.27
8/2020;CEREZAS;5.64;0.02
8/2020;UVAS;2.67;0.18
8/2020;KIWI;3.86;0.18
9/2020;TOMATES;1.77;1.46
9/2020;CEBOLLAS;1.23;0.67
9/2020;LECHUGA/ESC./ENDIVIA;2.73;0.36
9/2020;PIMIENTOS;2.16;0.62
9/2020;JUDIAS VERDES;3.78;0.15
9/2020;COLES;1.14;0.12
9/2020;NARANJAS;1.83;0.59
9/2020;MANDARINAS;2.04;0.13
9/2020;LIMONES;1.99;0.21
9/2020;PLATANOS;1.64;1.01
9/2020;MANZANAS;1.61;0.82
9/2020;PERAS;1.71;0.46
9/2020;MELOCOTONES;2.18;0.58
9/2020;ALBARICOQUES;1.82;0.01
9/2020;FRESAS/FRESON;4.09;0.03
9/2020;MELON;0.94;1.75
9/2020;SANDIA;0.87;1.17
9/2020;CIRUELAS;1.95;0.29
9/2020;CEREZAS;2.86;0.01
9/2020;UVAS;2.46;0.48
9/2020;KIWI;4.03;0.2
10/2020;TOMATES;1.84;1.18
10/2020;CEBOLLAS;1.24;0.73
10/2020;LECHUGA/ESC./ENDIVIA;2.82;0.36
10/2020;PIMIENTOS;1.91;0.6
10/2020;JUDIAS VERDES;3.46;0.19
10/2020;COLES;1.1;0.18
10/2020;NARANJAS;1.64;0.88
10/2020;MANDARINAS;1.71;0.74
10/2020;LIMONES;1.85;0.25
10/2020;PLATANOS;1.7;1.25
10/2020;MANZANAS;1.56;1.16
10/2020;PERAS;1.7;0.59
10/2020;MELOCOTONES;2.5;0.3
10/2020;ALBARICOQUES;1.33;0.0
10/2020;FRESAS/FRESON;3.98;0.03
10/2020;MELON;1.11;0.9
10/2020;SANDIA;1.01;0.21
10/2020;CIRUELAS;2.01;0.16
10/2020;CEREZAS;2.87;0.0
10/2020;UVAS;2.37;0.57
10/2020;KIWI;3.64;0.28
11/2020;TOMATES;1.8;1.1
11/2020;CEBOLLAS;1.24;0.67
11/2020;LECHUGA/ESC./ENDIVIA;2.67;0.35
11/2020;PIMIENTOS;1.94;0.44
11/2020;JUDIAS VERDES;3.3;0.15
11/2020;COLES;1.14;0.18
11/2020;NARANJAS;1.16;1.36
11/2020;MANDARINAS;1.48;1.11
11/2020;LIMONES;1.68;0.22
11/2020;PLATANOS;1.62;1.24
11/2020;MANZANAS;1.57;0.97
11/2020;PERAS;1.7;0.54
11/2020;MELOCOTONES;2.61;0.04
11/2020;ALBARICOQUES;1.71;0.0
11/2020;FRESAS/FRESON;4.5;0.02
11/2020;MELON;1.53;0.29
11/2020;SANDIA;1.35;0.01
11/2020;CIRUELAS;1.99;0.05
11/2020;CEREZAS;5.66;0.0
11/2020;UVAS;2.69;0.36
11/2020;KIWI;3.42;0.28
